,predictions,file_names
0,03-01-03-01-02-02-01.wav,03-01-06-01-02-02-01.wav
1,03-01-03-01-02-02-21.wav,03-01-03-01-02-01-21.wav
2,03-01-07-01-01-02-04.wav,03-01-07-01-02-02-04.wav
3,03-01-07-01-01-01-06.wav,03-01-02-02-01-02-24.wav
4,03-01-06-01-01-01-19.wav,03-01-07-01-02-02-19.wav
5,03-01-07-01-01-01-15.wav,03-01-06-01-01-01-07.wav
6,03-01-07-02-01-02-16.wav,03-01-07-01-01-01-16.wav
7,03-01-02-02-02-01-06.wav,03-01-02-01-02-02-06.wav
8,03-01-06-01-02-01-07.wav,03-01-06-01-01-02-07.wav
9,03-01-06-01-01-01-17.wav,03-01-06-02-01-01-15.wav
10,03-01-02-02-01-01-07.wav,03-01-02-02-02-02-07.wav
11,03-01-06-01-01-01-03.wav,03-01-06-01-02-02-19.wav
12,03-01-03-02-02-01-03.wav,03-01-06-02-02-02-05.wav
13,03-01-06-01-02-01-14.wav,03-01-06-01-01-01-14.wav
14,03-01-06-01-01-01-09.wav,03-01-06-01-02-01-15.wav
15,03-01-03-02-01-01-06.wav,03-01-03-02-02-01-06.wav
16,03-01-02-02-01-01-16.wav,03-01-02-01-01-02-16.wav
17,03-01-07-01-01-02-13.wav,03-01-07-01-01-01-13.wav
18,03-01-06-01-02-02-02.wav,03-01-03-02-02-02-24.wav
19,03-01-02-02-02-01-19.wav,03-01-02-01-02-02-19.wav
20,03-01-02-02-01-01-09.wav,03-01-02-02-01-02-09.wav
21,03-01-02-01-02-02-07.wav,03-01-02-01-01-02-07.wav
22,03-01-03-01-02-02-13.wav,03-01-03-01-02-01-13.wav
23,03-01-02-02-02-02-18.wav,03-01-02-01-02-01-18.wav
24,03-01-02-02-02-01-03.wav,03-01-02-02-02-02-03.wav
25,03-01-02-01-02-02-11.wav,03-01-02-02-01-01-11.wav
26,03-01-06-01-02-02-02.wav,03-01-03-01-02-02-20.wav
27,03-01-06-02-02-01-06.wav,03-01-03-02-01-02-06.wav
28,03-01-07-02-01-01-11.wav,03-01-06-01-01-02-11.wav
29,03-01-03-01-01-01-18.wav,03-01-03-01-02-01-18.wav
30,03-01-06-02-02-01-15.wav,03-01-06-01-01-01-15.wav
31,03-01-07-02-02-02-08.wav,03-01-07-02-01-02-08.wav
32,03-01-07-02-01-01-23.wav,03-01-07-02-01-02-23.wav
33,03-01-07-02-02-02-10.wav,03-01-03-01-02-02-10.wav
34,03-01-06-01-01-02-23.wav,03-01-06-01-01-01-23.wav
35,03-01-07-02-01-02-18.wav,03-01-07-02-02-01-18.wav
36,03-01-06-02-01-02-22.wav,03-01-06-02-02-01-22.wav
37,03-01-07-01-01-02-21.wav,03-01-07-02-01-01-21.wav
38,03-01-07-01-01-02-12.wav,03-01-07-01-01-02-10.wav
39,03-01-03-02-01-02-07.wav,03-01-06-02-01-01-01.wav
40,03-01-07-02-01-01-17.wav,03-01-07-02-01-02-17.wav
41,03-01-02-01-02-01-17.wav,03-01-02-02-02-02-17.wav
42,03-01-07-02-01-01-02.wav,03-01-03-01-01-01-04.wav
43,03-01-06-02-01-01-24.wav,03-01-06-02-02-01-24.wav
44,03-01-06-02-01-02-10.wav,03-01-06-02-02-01-10.wav
45,03-01-02-02-01-01-12.wav,03-01-02-02-01-02-12.wav
46,03-01-06-02-02-01-01.wav,03-01-06-02-01-02-01.wav
47,03-01-02-01-01-02-10.wav,03-01-07-01-01-01-10.wav
48,03-01-02-02-01-02-02.wav,03-01-02-02-01-01-02.wav
49,03-01-02-02-02-01-04.wav,03-01-02-01-01-02-24.wav
50,03-01-06-02-02-01-14.wav,03-01-06-02-02-02-14.wav
51,03-01-06-02-01-02-14.wav,03-01-03-02-02-02-14.wav
52,03-01-03-02-02-01-02.wav,03-01-03-01-01-01-20.wav
53,03-01-02-01-02-01-05.wav,03-01-02-02-02-01-05.wav
54,03-01-06-01-01-01-17.wav,03-01-07-01-01-02-17.wav
55,03-01-07-01-01-01-04.wav,03-01-07-02-01-01-20.wav
56,03-01-07-02-01-01-14.wav,03-01-03-02-02-02-20.wav
57,03-01-02-01-02-01-17.wav,03-01-02-01-01-02-17.wav
58,03-01-03-01-01-01-13.wav,03-01-03-01-01-02-13.wav
59,03-01-02-02-02-02-20.wav,03-01-02-01-01-02-14.wav
60,03-01-02-02-02-02-16.wav,03-01-02-02-02-01-16.wav
61,03-01-03-02-01-01-10.wav,03-01-03-02-01-02-10.wav
62,03-01-07-01-02-01-23.wav,03-01-07-02-01-02-03.wav
63,03-01-06-01-02-02-20.wav,03-01-06-01-02-01-19.wav
64,03-01-02-01-02-01-22.wav,03-01-02-02-02-02-22.wav
65,03-01-03-02-01-01-17.wav,03-01-06-02-01-02-11.wav
66,03-01-02-02-01-02-04.wav,03-01-02-01-01-01-04.wav
67,03-01-03-02-01-01-14.wav,03-01-03-02-02-01-14.wav
68,03-01-06-01-02-02-02.wav,03-01-06-01-01-02-02.wav
69,03-01-06-01-01-01-17.wav,03-01-06-01-01-02-17.wav
70,03-01-07-02-02-02-24.wav,03-01-07-02-02-01-04.wav
71,03-01-03-01-01-01-07.wav,03-01-02-01-02-01-07.wav
72,03-01-02-02-01-02-18.wav,03-01-02-01-02-02-16.wav
73,03-01-02-02-01-02-21.wav,03-01-02-02-01-01-21.wav
74,03-01-07-02-01-01-13.wav,03-01-07-02-02-02-15.wav
75,03-01-02-01-01-01-13.wav,03-01-02-01-02-01-13.wav
76,03-01-02-01-02-01-22.wav,03-01-03-01-01-01-22.wav
77,03-01-03-01-01-02-02.wav,03-01-07-02-01-01-10.wav
78,03-01-02-02-02-02-12.wav,03-01-03-01-02-01-20.wav
79,03-01-07-02-01-01-15.wav,03-01-07-01-02-02-15.wav
80,03-01-03-01-01-01-17.wav,03-01-03-01-02-02-17.wav
81,03-01-03-01-01-02-17.wav,03-01-03-01-02-01-17.wav
82,03-01-06-02-01-02-10.wav,03-01-06-02-01-01-10.wav
83,03-01-06-02-01-02-17.wav,03-01-06-02-02-01-17.wav
84,03-01-06-02-02-01-18.wav,03-01-07-02-02-02-20.wav
85,03-01-02-01-01-01-09.wav,03-01-02-01-02-02-09.wav
86,03-01-03-01-01-01-07.wav,03-01-06-01-01-02-15.wav
87,03-01-07-01-01-01-14.wav,03-01-07-02-01-02-20.wav
88,03-01-07-01-01-01-06.wav,03-01-07-01-01-02-06.wav
89,03-01-06-02-02-01-11.wav,03-01-06-02-02-02-11.wav
90,03-01-02-02-02-02-15.wav,03-01-02-01-02-01-15.wav
91,03-01-06-02-01-02-13.wav,03-01-03-02-02-02-17.wav
92,03-01-03-01-02-01-01.wav,03-01-03-01-01-01-01.wav
93,03-01-03-02-01-02-21.wav,03-01-03-02-01-01-21.wav
94,03-01-02-02-02-02-18.wav,03-01-02-01-02-02-18.wav
95,03-01-07-01-01-01-06.wav,03-01-02-02-02-02-14.wav
96,03-01-03-01-02-01-03.wav,03-01-03-01-01-01-03.wav
97,03-01-06-01-02-02-17.wav,03-01-07-02-02-01-17.wav
98,03-01-07-02-02-01-13.wav,03-01-07-02-01-02-13.wav
99,03-01-03-01-01-01-18.wav,03-01-03-01-02-02-18.wav
100,03-01-07-01-01-01-05.wav,03-01-07-01-02-01-05.wav
101,03-01-07-02-01-02-10.wav,03-01-07-02-02-01-10.wav
102,03-01-07-01-01-01-04.wav,03-01-02-01-01-02-04.wav
103,03-01-03-02-01-02-19.wav,03-01-06-02-01-01-19.wav
104,03-01-02-02-01-01-09.wav,03-01-02-02-02-01-09.wav
105,03-01-03-01-01-02-20.wav,03-01-07-02-02-01-24.wav
106,03-01-02-01-01-01-20.wav,03-01-02-01-02-02-20.wav
107,03-01-02-01-02-02-11.wav,03-01-02-01-01-01-11.wav
108,03-01-02-01-02-02-11.wav,03-01-02-02-02-02-11.wav
109,03-01-02-01-01-01-22.wav,03-01-02-01-01-02-22.wav
110,03-01-02-02-01-02-03.wav,03-01-06-01-02-02-03.wav
111,03-01-03-01-02-01-10.wav,03-01-07-02-01-02-12.wav
112,03-01-03-02-01-02-02.wav,03-01-03-02-01-01-02.wav
113,03-01-02-01-01-01-09.wav,03-01-02-02-02-02-09.wav
114,03-01-07-01-02-02-11.wav,03-01-07-02-02-02-11.wav
115,03-01-02-01-02-02-11.wav,03-01-02-02-01-02-11.wav
116,03-01-02-02-02-02-13.wav,03-01-02-02-01-02-13.wav
117,03-01-02-02-02-01-21.wav,03-01-02-01-01-02-21.wav
118,03-01-02-02-02-02-23.wav,03-01-02-01-02-01-23.wav
119,03-01-03-02-01-02-24.wav,03-01-03-02-01-01-24.wav
120,03-01-03-01-02-01-03.wav,03-01-03-02-01-01-01.wav
121,03-01-03-02-01-01-18.wav,03-01-03-02-01-02-18.wav
122,03-01-02-01-02-02-21.wav,03-01-02-01-02-01-21.wav
123,03-01-02-02-02-02-18.wav,03-01-02-01-01-02-18.wav
124,03-01-02-02-02-02-08.wav,03-01-02-01-02-01-08.wav
125,03-01-02-02-02-01-04.wav,03-01-02-02-01-01-04.wav
126,03-01-06-02-01-02-17.wav,03-01-06-02-02-02-17.wav
127,03-01-07-01-02-01-17.wav,03-01-02-01-01-01-17.wav
128,03-01-07-01-02-02-20.wav,03-01-07-01-02-01-20.wav
129,03-01-06-01-02-02-18.wav,03-01-06-01-02-01-18.wav
130,03-01-06-02-01-01-08.wav,03-01-06-02-02-01-08.wav
131,03-01-03-01-02-01-04.wav,03-01-03-01-01-02-18.wav
132,03-01-02-02-02-02-16.wav,03-01-06-01-02-02-07.wav
133,03-01-07-02-01-01-01.wav,03-01-07-01-02-02-18.wav
134,03-01-03-01-02-02-16.wav,03-01-03-01-02-01-16.wav
135,03-01-02-01-01-02-23.wav,03-01-07-01-01-02-23.wav
136,03-01-07-02-01-02-02.wav,03-01-07-01-01-01-20.wav
137,03-01-02-01-02-02-07.wav,03-01-02-01-01-01-07.wav
138,03-01-07-02-01-01-16.wav,03-01-07-02-02-01-16.wav
139,03-01-03-01-01-02-03.wav,03-01-03-02-01-02-05.wav
140,03-01-06-02-01-01-17.wav,03-01-03-02-01-02-11.wav
141,03-01-06-01-01-01-18.wav,03-01-07-01-02-01-04.wav
142,03-01-06-02-02-01-01.wav,03-01-07-02-01-02-04.wav
143,03-01-02-02-02-01-19.wav,03-01-02-02-01-02-05.wav
144,03-01-06-01-01-02-06.wav,03-01-06-01-02-02-06.wav
145,03-01-03-02-02-02-08.wav,03-01-03-02-02-01-08.wav
146,03-01-06-02-02-01-09.wav,03-01-06-02-02-02-09.wav
147,03-01-03-01-02-02-21.wav,03-01-06-02-02-02-21.wav
148,03-01-07-02-02-01-06.wav,03-01-07-01-01-02-20.wav
149,03-01-07-01-01-02-08.wav,03-01-07-01-01-01-08.wav
150,03-01-07-01-01-02-11.wav,03-01-07-01-01-01-11.wav
151,03-01-06-01-02-01-23.wav,03-01-06-01-02-02-23.wav
152,03-01-07-01-02-01-08.wav,03-01-07-01-02-02-08.wav
153,03-01-02-01-02-01-09.wav,03-01-02-01-01-02-09.wav
154,03-01-03-01-02-02-21.wav,03-01-06-01-02-02-21.wav
155,03-01-06-02-02-01-15.wav,03-01-06-01-02-01-17.wav
156,03-01-06-02-01-02-17.wav,03-01-06-02-01-02-15.wav
157,03-01-03-01-02-02-06.wav,03-01-03-01-01-02-06.wav
158,03-01-07-01-02-01-24.wav,03-01-06-01-02-01-22.wav
159,03-01-03-01-01-02-19.wav,03-01-03-01-02-01-19.wav
160,03-01-02-02-02-02-23.wav,03-01-02-01-02-02-23.wav
161,03-01-02-01-02-02-24.wav,03-01-02-01-02-01-24.wav
162,03-01-06-02-01-02-03.wav,03-01-06-02-02-02-03.wav
163,03-01-02-01-01-02-05.wav,03-01-02-01-01-01-05.wav
164,03-01-02-01-01-02-03.wav,03-01-02-01-01-01-03.wav
165,03-01-06-01-01-02-09.wav,03-01-06-01-02-02-09.wav
166,03-01-03-01-01-02-08.wav,03-01-03-01-02-02-08.wav
167,03-01-03-02-01-01-06.wav,03-01-03-02-02-02-06.wav
168,03-01-06-02-01-02-21.wav,03-01-06-02-02-01-21.wav
169,03-01-03-01-01-02-04.wav,03-01-03-01-02-02-04.wav
170,03-01-06-02-01-01-08.wav,03-01-06-02-02-02-08.wav
171,03-01-06-02-02-02-18.wav,03-01-06-02-01-02-18.wav
172,03-01-07-02-02-01-07.wav,03-01-07-02-01-02-07.wav
173,03-01-06-01-02-02-11.wav,03-01-06-01-02-01-11.wav
174,03-01-02-01-02-01-01.wav,03-01-02-01-02-02-01.wav
175,03-01-02-01-02-01-17.wav,03-01-02-02-01-01-17.wav
176,03-01-03-01-01-02-01.wav,03-01-06-01-01-01-01.wav
177,03-01-02-02-02-01-01.wav,03-01-07-01-02-01-07.wav
178,03-01-02-02-01-01-01.wav,03-01-03-01-01-01-09.wav
179,03-01-07-02-01-01-11.wav,03-01-06-01-01-01-11.wav
180,03-01-06-02-01-01-08.wav,03-01-06-02-01-02-08.wav
181,03-01-06-02-01-01-24.wav,03-01-06-02-01-02-24.wav
182,03-01-03-01-02-02-06.wav,03-01-03-01-01-01-06.wav
183,03-01-06-02-02-02-19.wav,03-01-06-02-02-01-19.wav
184,03-01-06-02-01-02-02.wav,03-01-06-02-01-01-02.wav
185,03-01-06-02-02-01-07.wav,03-01-06-02-02-02-07.wav
186,03-01-07-02-02-01-07.wav,03-01-07-02-02-02-07.wav
187,03-01-07-02-01-01-04.wav,03-01-07-01-02-02-14.wav
188,03-01-03-02-01-02-02.wav,03-01-03-02-02-02-02.wav
189,03-01-06-02-01-02-14.wav,03-01-06-02-01-01-14.wav
190,03-01-07-01-01-01-02.wav,03-01-07-01-01-02-02.wav
191,03-01-02-01-02-01-22.wav,03-01-02-02-02-01-22.wav
